metric,model,dataset,pre,post,delta,ci_lo,ci_hi
WER,Whisper,ATCO2,13.8,35.6,21.8,17.0,26.5
WER,Whisper,ATCC,5.4,34.8,29.3,26.4,32.1
WER,Whisper,ATCOSim,26.7,77.8,51.2,44.2,57.9
WER,Parakeet,ATCO2,10.7,24.6,13.9,10.2,17.8
WER,Parakeet,ATCC,2.9,24.9,22.0,20.1,23.8
WER,Parakeet,ATCOSim,46.6,77.2,30.7,26.2,34.7
WeightedWER,Whisper,ATCO2,9.4,35.0,25.6,21.2,29.8
WeightedWER,Whisper,ATCC,5.0,37.9,32.8,29.8,35.5
WeightedWER,Whisper,ATCOSim,27.4,74.3,46.9,39.4,53.8
WeightedWER,Parakeet,ATCO2,8.2,23.3,15.1,11.5,18.9
WeightedWER,Parakeet,ATCC,2.5,22.0,19.5,17.9,21.4
WeightedWER,Parakeet,ATCOSim,38.6,70.7,32.2,28.0,36.3
BERTDist,Whisper,ATCO2,12.7,31.4,18.7,14.2,23.2
BERTDist,Whisper,ATCC,7.2,42.2,35.0,31.9,38.3
BERTDist,Whisper,ATCOSim,29.3,77.2,48.0,40.9,54.9
BERTDist,Parakeet,ATCO2,9.7,17.8,8.1,5.0,11.6
BERTDist,Parakeet,ATCC,2.9,19.1,16.2,14.6,18.1
BERTDist,Parakeet,ATCOSim,35.1,65.6,30.4,25.9,34.9
SemDist,Whisper,ATCO2,16.4,34.1,17.7,12.8,22.7
SemDist,Whisper,ATCC,7.7,40.3,32.6,29.5,35.7
SemDist,Whisper,ATCOSim,31.6,74.3,42.7,34.6,49.8
SemDist,Parakeet,ATCO2,11.8,24.9,13.1,9.2,17.1
SemDist,Parakeet,ATCC,2.3,24.5,22.2,20.4,24.0
SemDist,Parakeet,ATCOSim,37.3,72.6,35.3,30.7,39.5
